subj_id,seed,sona_experiment_code,experimenter,cue_contrast,block,trial,mask_type,cue_type,cue_validity,cue_dir,target_loc,soa,target_loc_x,target_loc_y,rt,response_type,is_correct
SPC306,306,SPC,DZ,word_arrow,0,0,nomask,visual_word,invalid,right,down,0.175,-46.4140082274,-234.123726303,2116.62628222,timeout,0
SPC306,306,SPC,DZ,word_arrow,0,1,nomask,visual_arrow,invalid,right,down,0.175,5.1355839105,-269.550291969,907.442984637,down,1
SPC306,306,SPC,DZ,word_arrow,0,2,nomask,visual_arrow,invalid,left,up,0.175,45.8876506296,232.471719291,760.567194317,up,1
SPC306,306,SPC,DZ,word_arrow,0,3,nomask,visual_arrow,valid,left,left,0.175,-183.043585913,33.2085592317,651.605716674,left,1
SPC306,306,SPC,DZ,word_arrow,0,4,nomask,visual_word,valid,right,right,0.175,271.26619983,18.7019617746,531.021557748,right,1
SPC306,306,SPC,DZ,word_arrow,0,5,nomask,visual_word,neutral,neutral,left,0.175,-195.029604829,-12.5454578483,575.092745246,left,1
SPC306,306,SPC,DZ,word_arrow,0,6,nomask,visual_arrow,valid,left,left,0.175,-220.08993403,-25.3199682997,401.519773528,left,1
SPC306,306,SPC,DZ,word_arrow,0,7,nomask,visual_word,valid,right,right,0.175,172.198053309,-21.287909783,474.888849771,right,1
SPC306,306,SPC,DZ,word_arrow,0,8,nomask,visual_arrow,valid,right,right,0.175,248.04040997,5.50817143125,353.285533609,right,1
SPC306,306,SPC,DZ,word_arrow,0,9,nomask,visual_arrow,valid,left,left,0.175,-227.942563058,-42.1570216968,308.693244588,left,1
SPC306,306,SPC,DZ,word_arrow,0,10,nomask,visual_word,valid,left,left,0.175,-235.555453692,-24.4232077993,481.739993207,left,1
SPC306,306,SPC,DZ,word_arrow,0,11,nomask,visual_word,invalid,right,up,0.175,8.8344250893,272.620234648,415.8164619,up,1
SPC306,306,SPC,DZ,word_arrow,0,12,nomask,visual_arrow,invalid,left,down,0.175,34.3287757496,-215.942655538,576.556183165,down,1
SPC306,306,SPC,DZ,word_arrow,0,13,nomask,visual_arrow,valid,left,left,0.175,-220.087723549,-27.4014344675,442.93871941,left,1
SPC306,306,SPC,DZ,word_arrow,0,14,nomask,visual_word,neutral,neutral,right,0.175,183.040462144,39.5362910288,330.664980924,right,1
SPC306,306,SPC,DZ,word_arrow,1,15,nomask,visual_word,invalid,left,down,0.175,-43.8885662183,-178.610778374,595.727157779,down,1
SPC306,306,SPC,DZ,word_arrow,1,16,nomask,visual_word,valid,left,left,0.175,-256.121990669,-0.982881723545,349.140406353,left,1
SPC306,306,SPC,DZ,word_arrow,1,17,nomask,visual_arrow,valid,left,left,0.175,-169.431294701,4.40257494168,368.519757409,left,1
SPC306,306,SPC,DZ,word_arrow,1,18,nomask,visual_arrow,invalid,left,right,0.175,215.919820054,-49.1987741242,403.23736053,right,1
SPC306,306,SPC,DZ,word_arrow,1,19,nomask,visual_arrow,neutral,neutral,left,0.175,-248.971323898,-9.70012167581,436.640046071,left,1
SPC306,306,SPC,DZ,word_arrow,1,20,nomask,visual_word,valid,right,right,0.175,242.384449833,-11.0514934599,420.700350543,right,1
SPC306,306,SPC,DZ,word_arrow,1,21,nomask,visual_arrow,valid,left,left,0.175,-205.416769492,-42.9180038386,373.430853244,left,1
SPC306,306,SPC,DZ,word_arrow,1,22,nomask,visual_word,neutral,neutral,right,0.175,236.549864547,49.3030954683,375.834706938,right,1
SPC306,306,SPC,DZ,word_arrow,1,23,nomask,visual_word,valid,left,left,0.175,-270.880023471,31.7577537309,378.269929439,left,1
SPC306,306,SPC,DZ,word_arrow,1,24,nomask,visual_word,valid,right,right,0.175,202.299343109,-19.6867407203,324.28852655,right,1
SPC306,306,SPC,DZ,word_arrow,1,25,nomask,visual_arrow,valid,left,left,0.175,-223.114513109,-30.3105467421,336.666933261,left,1
SPC306,306,SPC,DZ,word_arrow,1,26,nomask,visual_arrow,valid,right,right,0.175,216.180931327,8.77748621195,308.730694931,right,1
SPC306,306,SPC,DZ,word_arrow,1,27,nomask,visual_word,valid,right,right,0.175,232.594056529,31.6577218136,385.78589377,right,1
SPC306,306,SPC,DZ,word_arrow,1,28,nomask,visual_word,invalid,right,up,0.175,14.5824409796,181.874997801,595.85647285,up,1
SPC306,306,SPC,DZ,word_arrow,1,29,nomask,visual_word,valid,right,right,0.175,242.077103952,0.600623051756,413.275610888,right,1
SPC306,306,SPC,DZ,word_arrow,1,30,nomask,visual_arrow,valid,left,left,0.175,-181.926722344,26.7112754947,374.341821065,left,1
SPC306,306,SPC,DZ,word_arrow,1,31,nomask,visual_word,valid,left,left,0.175,-263.53234391,5.43705718353,376.713666134,left,1
SPC306,306,SPC,DZ,word_arrow,1,32,nomask,visual_arrow,invalid,left,down,0.175,-34.8374361682,-206.77338034,699.096394237,down,1
SPC306,306,SPC,DZ,word_arrow,1,33,nomask,visual_arrow,valid,left,left,0.175,-271.736154502,6.87486657307,312.513483688,left,1
SPC306,306,SPC,DZ,word_arrow,1,34,nomask,visual_word,neutral,neutral,left,0.175,-172.837798777,-34.5208858342,658.900821116,left,1
SPC306,306,SPC,DZ,word_arrow,1,35,nomask,visual_arrow,valid,left,left,0.175,-197.430140122,-11.6685779627,386.007393943,left,1
SPC306,306,SPC,DZ,word_arrow,1,36,nomask,visual_arrow,neutral,neutral,right,0.175,198.794122073,29.8710826342,500.059536193,right,1
SPC306,306,SPC,DZ,word_arrow,1,37,nomask,visual_word,valid,left,left,0.175,-172.712990081,22.3804143986,1185.43603853,left,1
SPC306,306,SPC,DZ,word_arrow,1,38,nomask,visual_arrow,valid,right,right,0.175,233.263215386,-35.0759546623,315.524862846,right,1
SPC306,306,SPC,DZ,word_arrow,1,39,nomask,visual_word,neutral,neutral,left,0.175,-259.239595836,-34.2797099723,296.269385377,left,1
SPC306,306,SPC,DZ,word_arrow,1,40,nomask,visual_arrow,valid,right,right,0.175,193.80068766,-12.5539428458,325.982747367,right,1
SPC306,306,SPC,DZ,word_arrow,1,41,nomask,visual_arrow,neutral,neutral,left,0.175,-247.00499373,-11.0303668861,338.370436803,left,1
SPC306,306,SPC,DZ,word_arrow,1,42,nomask,visual_word,valid,left,left,0.175,-225.578032747,-35.7715795872,350.122433389,left,1
SPC306,306,SPC,DZ,word_arrow,1,43,nomask,visual_arrow,invalid,right,down,0.175,46.8754707005,-197.54106923,569.513627794,down,1
SPC306,306,SPC,DZ,word_arrow,1,44,nomask,visual_arrow,valid,right,right,0.175,175.604745841,-26.6537220997,396.220412105,right,1
SPC306,306,SPC,DZ,word_arrow,1,45,nomask,visual_word,valid,right,right,0.175,266.442038566,48.6125644918,469.622777542,right,1
SPC306,306,SPC,DZ,word_arrow,1,46,nomask,visual_arrow,valid,right,right,0.175,253.355648035,-20.5660242751,324.357025092,right,1
SPC306,306,SPC,DZ,word_arrow,1,47,nomask,visual_arrow,valid,right,right,0.175,193.488206742,-17.4334325809,328.764943872,right,1
SPC306,306,SPC,DZ,word_arrow,1,48,nomask,visual_arrow,invalid,left,up,0.175,3.35646006148,265.215074235,525.145399617,up,1
SPC306,306,SPC,DZ,word_arrow,1,49,nomask,visual_word,invalid,right,left,0.175,-179.248113838,10.0405651274,297.571179457,left,1
SPC306,306,SPC,DZ,word_arrow,1,50,nomask,visual_arrow,valid,right,right,0.175,169.608974043,21.2798407678,270.946337376,right,1
SPC306,306,SPC,DZ,word_arrow,1,51,nomask,visual_word,invalid,left,down,0.175,-15.8734665577,-191.558798302,413.358833641,down,1
SPC306,306,SPC,DZ,word_arrow,1,52,nomask,visual_arrow,valid,left,left,0.175,-268.37326006,-21.934800492,254.388553789,left,1
SPC306,306,SPC,DZ,word_arrow,1,53,nomask,visual_word,valid,right,right,0.175,202.975027691,-23.8306144704,357.449226081,right,1
SPC306,306,SPC,DZ,word_arrow,1,54,nomask,visual_arrow,valid,left,left,0.175,-172.314950534,28.9790199394,368.486148305,left,1
SPC306,306,SPC,DZ,word_arrow,1,55,nomask,visual_word,valid,right,right,0.175,258.258589024,-13.531460621,299.227309646,right,1
SPC306,306,SPC,DZ,word_arrow,1,56,nomask,visual_word,invalid,right,left,0.175,-218.564008506,-25.1436325147,224.626218202,left,1
SPC306,306,SPC,DZ,word_arrow,1,57,nomask,visual_arrow,valid,left,left,0.175,-192.149258857,7.64242690609,305.03144837,left,1
SPC306,306,SPC,DZ,word_arrow,1,58,nomask,visual_word,valid,right,right,0.175,272.666473208,16.6249949386,294.084791094,right,1
SPC306,306,SPC,DZ,word_arrow,1,59,nomask,visual_arrow,valid,right,right,0.175,241.928757627,34.6594242654,259.782020701,right,1
SPC306,306,SPC,DZ,word_arrow,1,60,nomask,visual_word,invalid,right,left,0.175,-256.141824687,38.4925982103,314.830593998,left,1
SPC306,306,SPC,DZ,word_arrow,1,61,nomask,visual_arrow,invalid,right,down,0.175,30.4240365905,-171.189270607,159.579085652,right,0
SPC306,306,SPC,DZ,word_arrow,1,62,nomask,visual_arrow,valid,left,left,0.175,-223.344620454,21.7515712648,242.612870643,left,1
SPC306,306,SPC,DZ,word_arrow,1,63,nomask,visual_arrow,invalid,right,left,0.175,-245.411491775,-17.7622770056,250.345213804,right,0
SPC306,306,SPC,DZ,word_arrow,1,64,nomask,visual_arrow,valid,left,left,0.175,-184.29030068,10.9377405027,321.74223382,left,1
SPC306,306,SPC,DZ,word_arrow,1,65,nomask,visual_arrow,valid,right,right,0.175,184.829974654,51.7779591641,262.476193486,right,1
SPC306,306,SPC,DZ,word_arrow,1,66,nomask,visual_arrow,valid,left,left,0.175,-199.061258115,38.0683253971,309.561320581,left,1
SPC306,306,SPC,DZ,word_arrow,1,67,nomask,visual_word,valid,right,right,0.175,211.865203925,-6.56891278875,314.584446838,right,1
SPC306,306,SPC,DZ,word_arrow,1,68,nomask,visual_word,valid,left,left,0.175,-218.90278827,38.3250142412,263.295616256,left,1
SPC306,306,SPC,DZ,word_arrow,1,69,nomask,visual_word,valid,right,right,0.175,224.285566479,-23.5012364883,286.049645394,right,1
SPC306,306,SPC,DZ,word_arrow,1,70,nomask,visual_arrow,valid,right,right,0.175,222.880408925,4.30231510485,268.078997498,right,1
SPC306,306,SPC,DZ,word_arrow,1,71,nomask,visual_word,valid,left,left,0.175,-265.891217772,45.1933756633,306.810812559,left,1
SPC306,306,SPC,DZ,word_arrow,1,72,nomask,visual_arrow,valid,right,right,0.175,266.892636423,28.3389176632,263.880735496,right,1
SPC306,306,SPC,DZ,word_arrow,1,73,nomask,visual_arrow,valid,right,right,0.175,166.951691108,-53.2406247831,350.61216657,right,1
SPC306,306,SPC,DZ,word_arrow,1,74,nomask,visual_word,invalid,left,right,0.175,221.883036083,13.1898977653,385.987228481,right,1
SPC306,306,SPC,DZ,word_arrow,1,75,nomask,visual_word,valid,right,right,0.175,240.754759711,22.5948265559,451.703023165,right,1
SPC306,306,SPC,DZ,word_arrow,1,76,nomask,visual_arrow,neutral,neutral,right,0.175,222.706338098,-2.53167471097,347.101131454,right,1
SPC306,306,SPC,DZ,word_arrow,1,77,nomask,visual_word,valid,left,left,0.175,-266.198915841,-9.81483639755,262.491877889,left,1
SPC306,306,SPC,DZ,word_arrow,1,78,nomask,visual_word,invalid,left,right,0.175,207.18892354,24.0122584257,309.230350656,right,1
SPC306,306,SPC,DZ,word_arrow,1,79,nomask,visual_word,valid,left,left,0.175,-187.721617737,-38.8782080265,266.289070481,left,1
SPC306,306,SPC,DZ,word_arrow,1,80,nomask,visual_arrow,invalid,left,right,0.175,189.557093118,-25.4302433135,385.0167247,right,1
SPC306,306,SPC,DZ,word_arrow,1,81,nomask,visual_word,invalid,left,up,0.175,-27.9270203284,230.373525214,475.126674399,up,1
SPC306,306,SPC,DZ,word_arrow,1,82,nomask,visual_arrow,invalid,right,down,0.175,-34.9448678134,-249.066242719,457.451146794,down,1
SPC306,306,SPC,DZ,word_arrow,1,83,nomask,visual_arrow,valid,left,left,0.175,-267.472706272,16.1046605902,368.613862898,left,1
SPC306,306,SPC,DZ,word_arrow,1,84,nomask,visual_word,neutral,neutral,left,0.175,-210.70078712,17.7127215122,331.243698252,left,1
SPC306,306,SPC,DZ,word_arrow,1,85,nomask,visual_word,valid,right,right,0.175,221.711542343,-26.2347651529,335.343373474,right,1
SPC306,306,SPC,DZ,word_arrow,1,86,nomask,visual_arrow,invalid,right,left,0.175,-230.099160418,12.1545398481,363.407966914,left,1
SPC306,306,SPC,DZ,word_arrow,1,87,nomask,visual_arrow,valid,left,left,0.175,-239.655240581,35.1579266171,366.101819556,left,1
SPC306,306,SPC,DZ,word_arrow,1,88,nomask,visual_arrow,valid,right,right,0.175,220.476795857,42.4494877616,304.818270495,right,1
SPC306,306,SPC,DZ,word_arrow,1,89,nomask,visual_arrow,invalid,right,left,0.175,-171.836675736,-14.66676301,350.211737445,left,1
SPC306,306,SPC,DZ,word_arrow,1,90,nomask,visual_word,invalid,right,left,0.175,-228.563799853,47.9539910789,353.611702565,left,1
SPC306,306,SPC,DZ,word_arrow,1,91,nomask,visual_word,valid,left,left,0.175,-228.925479123,-0.249012402968,300.672182813,left,1
SPC306,306,SPC,DZ,word_arrow,1,92,nomask,visual_arrow,neutral,neutral,left,0.175,-200.475011637,30.1611331315,346.062448807,left,1
SPC306,306,SPC,DZ,word_arrow,1,93,nomask,visual_word,invalid,left,right,0.175,184.307450807,-12.9552820794,285.472528543,right,1
SPC306,306,SPC,DZ,word_arrow,1,94,nomask,visual_arrow,valid,right,right,0.175,255.014407728,52.5137048498,291.523454478,right,1
SPC306,306,SPC,DZ,word_arrow,1,95,nomask,visual_arrow,valid,left,left,0.175,-174.349116075,48.4602067306,313.345710048,left,1
SPC306,306,SPC,DZ,word_arrow,1,96,nomask,visual_word,neutral,neutral,left,0.175,-255.028689155,26.2235360629,325.953619322,left,1
SPC306,306,SPC,DZ,word_arrow,1,97,nomask,visual_arrow,valid,left,left,0.175,-229.293556811,-29.4551825093,410.349695245,left,1
SPC306,306,SPC,DZ,word_arrow,1,98,nomask,visual_word,valid,right,right,0.175,225.435032936,26.37681814,307.416737312,right,1
SPC306,306,SPC,DZ,word_arrow,1,99,nomask,visual_arrow,valid,right,right,0.175,195.519042227,50.6119274094,280.456444249,right,1
SPC306,306,SPC,DZ,word_arrow,1,100,nomask,visual_word,invalid,left,right,0.175,209.369535548,-12.2710155805,342.516844627,right,1
SPC306,306,SPC,DZ,word_arrow,1,101,nomask,visual_word,valid,left,left,0.175,-228.872339415,-18.5628200635,258.264488075,left,1
SPC306,306,SPC,DZ,word_arrow,1,102,nomask,visual_arrow,invalid,right,left,0.175,-261.666302409,-25.8271161402,393.321383279,left,1
SPC306,306,SPC,DZ,word_arrow,1,103,nomask,visual_arrow,invalid,left,right,0.175,255.040166512,34.4463780937,331.031480571,right,1
SPC306,306,SPC,DZ,word_arrow,1,104,nomask,visual_word,valid,right,right,0.175,256.823231774,-5.89841552532,367.089288076,right,1
SPC306,306,SPC,DZ,word_arrow,1,105,nomask,visual_word,valid,left,left,0.175,-214.585958383,40.3812010276,297.805803129,left,1
SPC306,306,SPC,DZ,word_arrow,1,106,nomask,visual_word,neutral,neutral,left,0.175,-262.241219049,-9.39739449007,351.200166391,left,1
SPC306,306,SPC,DZ,word_arrow,1,107,nomask,visual_arrow,valid,left,left,0.175,-259.713428865,-13.8280035363,266.634764615,left,1
SPC306,306,SPC,DZ,word_arrow,1,108,nomask,visual_arrow,invalid,left,down,0.175,16.4521021917,-250.688020161,417.318630731,right,0
SPC306,306,SPC,DZ,word_arrow,1,109,nomask,visual_word,valid,left,left,0.175,-175.284902906,-30.4202791125,450.080821989,left,1
SPC306,306,SPC,DZ,word_arrow,1,110,nomask,visual_arrow,invalid,right,left,0.175,-237.48966806,49.8916744634,185.490453383,right,0
SPC306,306,SPC,DZ,word_arrow,1,111,nomask,visual_word,valid,right,right,0.175,263.086080539,-27.776767591,355.508538429,right,1
SPC306,306,SPC,DZ,word_arrow,1,112,nomask,visual_word,valid,left,left,0.175,-248.616505456,-51.1558702386,302.561016753,left,1
SPC306,306,SPC,DZ,word_arrow,1,113,nomask,visual_word,valid,right,right,0.175,257.940343246,-50.2397380569,323.949554237,right,1
SPC306,306,SPC,DZ,word_arrow,1,114,nomask,visual_arrow,valid,right,right,0.175,169.237163099,11.6314385924,272.362402407,right,1
SPC306,306,SPC,DZ,word_arrow,1,115,nomask,visual_arrow,valid,left,left,0.175,-188.408366876,27.0955151689,230.737320613,left,1
SPC306,306,SPC,DZ,word_arrow,1,116,nomask,visual_arrow,invalid,left,down,0.175,42.7453364729,-254.602353335,174.834435107,left,0
SPC306,306,SPC,DZ,word_arrow,1,117,nomask,visual_word,valid,left,left,0.175,-218.421477522,-21.7729394072,409.187139012,left,1
SPC306,306,SPC,DZ,word_arrow,2,118,nomask,visual_arrow,valid,right,right,0.175,213.5230083,22.9356249154,290.958820609,right,1
SPC306,306,SPC,DZ,word_arrow,2,119,nomask,visual_word,neutral,neutral,right,0.175,256.523905763,-28.9081029753,400.639533997,right,1
SPC306,306,SPC,DZ,word_arrow,2,120,nomask,visual_word,valid,left,left,0.175,-193.366870846,-3.20331619105,314.053422539,left,1
SPC306,306,SPC,DZ,word_arrow,2,121,nomask,visual_arrow,invalid,right,down,0.175,-4.95637841659,-258.919978163,438.771825982,down,1
SPC306,306,SPC,DZ,word_arrow,2,122,nomask,visual_arrow,valid,right,right,0.175,213.807317899,-49.9692220196,294.82643283,right,1
SPC306,306,SPC,DZ,word_arrow,2,123,nomask,visual_word,invalid,left,right,0.175,257.546486342,-9.85711655974,396.589472191,right,1
SPC306,306,SPC,DZ,word_arrow,2,124,nomask,visual_word,valid,left,left,0.175,-262.877641617,-45.8397415808,325.966743054,left,1
SPC306,306,SPC,DZ,word_arrow,2,125,nomask,visual_arrow,valid,right,right,0.175,170.847772274,39.7530676282,202.381127514,right,1
SPC306,306,SPC,DZ,word_arrow,2,126,nomask,visual_word,valid,left,left,0.175,-233.791373361,-46.9891628151,307.788038393,left,1
SPC306,306,SPC,DZ,word_arrow,2,127,nomask,visual_arrow,invalid,right,left,0.175,-204.385033639,-52.4664257596,384.799385443,left,1
SPC306,306,SPC,DZ,word_arrow,2,128,nomask,visual_arrow,valid,right,right,0.175,212.48813352,-3.31795475941,402.855496621,right,1
SPC306,306,SPC,DZ,word_arrow,2,129,nomask,visual_word,valid,left,left,0.175,-216.078698198,-17.7933789936,364.243074087,left,1
SPC306,306,SPC,DZ,word_arrow,2,130,nomask,visual_word,valid,left,left,0.175,-261.263514374,41.1181887528,326.974056894,left,1
SPC306,306,SPC,DZ,word_arrow,2,131,nomask,visual_arrow,invalid,right,up,0.175,-7.28123141869,170.34367887,627.37544626,up,1
SPC306,306,SPC,DZ,word_arrow,2,132,nomask,visual_arrow,valid,left,left,0.175,-189.098966578,37.5446741791,403.806795599,left,1
SPC306,306,SPC,DZ,word_arrow,2,133,nomask,visual_word,valid,right,right,0.175,199.37605057,-35.4207103472,380.83670754,right,1
SPC306,306,SPC,DZ,word_arrow,2,134,nomask,visual_word,invalid,right,left,0.175,-259.707279857,2.17859528677,414.874125738,left,1
SPC306,306,SPC,DZ,word_arrow,2,135,nomask,visual_word,valid,left,left,0.175,-197.447791447,36.7381732135,375.614487333,left,1
SPC306,306,SPC,DZ,word_arrow,2,136,nomask,visual_arrow,valid,right,right,0.175,220.123982819,-4.90431688329,314.010851085,right,1
SPC306,306,SPC,DZ,word_arrow,2,137,nomask,visual_word,valid,left,left,0.175,-217.475675034,7.30545549535,446.745834779,left,1
SPC306,306,SPC,DZ,word_arrow,2,138,nomask,visual_arrow,valid,left,left,0.175,-179.314194162,-19.0812583316,334.474656964,left,1
SPC306,306,SPC,DZ,word_arrow,2,139,nomask,visual_word,invalid,left,right,0.175,178.616390805,-48.3594783103,1050.59136078,down,0
SPC306,306,SPC,DZ,word_arrow,2,140,nomask,visual_word,valid,right,right,0.175,176.63586968,48.1093066914,489.968471462,right,1
SPC306,306,SPC,DZ,word_arrow,2,141,nomask,visual_word,valid,right,right,0.175,228.818214596,-14.3581367448,383.690923918,left,0
SPC306,306,SPC,DZ,word_arrow,2,142,nomask,visual_arrow,valid,left,left,0.175,-214.39603759,-20.2221008183,321.734231664,left,1
SPC306,306,SPC,DZ,word_arrow,2,143,nomask,visual_arrow,valid,right,right,0.175,261.397539035,17.7008143665,350.489252945,right,1
SPC306,306,SPC,DZ,word_arrow,2,144,nomask,visual_arrow,valid,right,right,0.175,185.666959909,46.4727582447,425.856632879,right,1
SPC306,306,SPC,DZ,word_arrow,2,145,nomask,visual_word,valid,left,left,0.175,-233.028792277,-1.77195641193,298.267368926,left,1
SPC306,306,SPC,DZ,word_arrow,2,146,nomask,visual_arrow,valid,right,right,0.175,217.568085718,-30.2379806466,199.656546582,right,1
SPC306,306,SPC,DZ,word_arrow,2,147,nomask,visual_word,neutral,neutral,right,0.175,169.946423503,29.4789502404,425.043931929,right,1
SPC306,306,SPC,DZ,word_arrow,2,148,nomask,visual_arrow,valid,right,right,0.175,206.04927295,-6.0081023976,345.417473465,right,1
SPC306,306,SPC,DZ,word_arrow,2,149,nomask,visual_arrow,valid,left,left,0.175,-173.875923621,38.6801154697,333.172222832,left,1
SPC306,306,SPC,DZ,word_arrow,2,150,nomask,visual_word,valid,right,right,0.175,211.551810327,-8.84042531029,417.211081367,right,1
SPC306,306,SPC,DZ,word_arrow,2,151,nomask,visual_word,valid,left,left,0.175,-185.995868754,-33.0338754893,329.938383307,left,1
SPC306,306,SPC,DZ,word_arrow,2,152,nomask,visual_arrow,valid,left,left,0.175,-240.7966901,9.790169133,358.35699318,left,1
SPC306,306,SPC,DZ,word_arrow,2,153,nomask,visual_arrow,valid,left,left,0.175,-259.874990323,47.5952974026,369.435526431,left,1
SPC306,306,SPC,DZ,word_arrow,2,154,nomask,visual_word,valid,right,right,0.175,267.266480253,-2.0048575071,308.199990541,right,1
SPC306,306,SPC,DZ,word_arrow,2,155,nomask,visual_word,invalid,left,up,0.175,29.2009820514,184.924266104,521.177280229,right,0
SPC306,306,SPC,DZ,word_arrow,2,156,nomask,visual_arrow,valid,left,left,0.175,-241.463721838,30.8732435162,293.912584195,left,1
SPC306,306,SPC,DZ,word_arrow,2,157,nomask,visual_word,valid,right,right,0.175,190.622601541,14.2682852102,387.645599432,right,1
SPC306,306,SPC,DZ,word_arrow,2,158,nomask,visual_word,valid,left,left,0.175,-199.042876837,-5.20529776122,397.367283935,left,1
SPC306,306,SPC,DZ,word_arrow,2,159,nomask,visual_arrow,neutral,neutral,right,0.175,219.521100253,-47.6094521171,326.772722183,right,1
SPC306,306,SPC,DZ,word_arrow,2,160,nomask,visual_word,valid,left,left,0.175,-261.242399449,-27.2966951173,307.165148901,left,1
SPC306,306,SPC,DZ,word_arrow,2,161,nomask,visual_arrow,neutral,neutral,right,0.175,218.760731545,-51.4093234897,280.235904269,right,1
SPC306,306,SPC,DZ,word_arrow,2,162,nomask,visual_word,valid,left,left,0.175,-199.868864457,-20.3770678278,334.291247185,left,1
SPC306,306,SPC,DZ,word_arrow,2,163,nomask,visual_arrow,valid,left,left,0.175,-239.86337058,41.6044582781,226.323319832,left,1
SPC306,306,SPC,DZ,word_arrow,2,164,nomask,visual_word,invalid,left,down,0.175,19.1713937774,-218.666922431,346.70486371,left,0
SPC306,306,SPC,DZ,word_arrow,2,165,nomask,visual_arrow,invalid,right,up,0.175,-25.0792961188,242.542036547,374.447129667,right,0
SPC306,306,SPC,DZ,word_arrow,2,166,nomask,visual_arrow,valid,left,left,0.175,-219.97099792,-47.1266096598,280.840868596,left,1
SPC306,306,SPC,DZ,word_arrow,2,167,nomask,visual_arrow,valid,right,right,0.175,248.032757307,-14.9480587769,150.910807541,right,1
SPC306,306,SPC,DZ,word_arrow,2,168,nomask,visual_word,valid,right,right,0.175,188.457215551,29.3490343805,258.296176558,right,1
SPC306,306,SPC,DZ,word_arrow,2,169,nomask,visual_word,valid,left,left,0.175,-265.842664037,49.5322153974,321.282909019,left,1
SPC306,306,SPC,DZ,word_arrow,2,170,nomask,visual_word,invalid,right,down,0.175,48.3993418617,-226.460750279,405.816622078,down,1
SPC306,306,SPC,DZ,word_arrow,2,171,nomask,visual_arrow,valid,right,right,0.175,173.260077812,-5.91474477752,382.796600694,right,1
SPC306,306,SPC,DZ,word_arrow,2,172,nomask,visual_arrow,invalid,left,right,0.175,217.803772878,44.9222713781,400.849511148,right,1
SPC306,306,SPC,DZ,word_arrow,2,173,nomask,visual_arrow,valid,right,right,0.175,229.887290954,15.7172554029,434.247395489,right,1
SPC306,306,SPC,DZ,word_arrow,2,174,nomask,visual_arrow,valid,right,right,0.175,254.427840812,-8.32129459086,506.30347454,right,1
SPC306,306,SPC,DZ,word_arrow,2,175,nomask,visual_word,valid,right,right,0.175,227.25862834,-49.6061490113,319.378390908,right,1
SPC306,306,SPC,DZ,word_arrow,2,176,nomask,visual_word,valid,left,left,0.175,-207.304862763,-49.2581109806,316.092056921,left,1
SPC306,306,SPC,DZ,word_arrow,2,177,nomask,visual_arrow,valid,right,right,0.175,177.734817824,9.84024785778,336.808732012,right,1
SPC306,306,SPC,DZ,word_arrow,2,178,nomask,visual_arrow,valid,right,right,0.175,178.446979863,-19.561811015,276.895795716,right,1
SPC306,306,SPC,DZ,word_arrow,2,179,nomask,visual_word,valid,left,left,0.175,-177.990114483,-17.2069510533,899.260278791,left,1
SPC306,306,SPC,DZ,word_arrow,2,180,nomask,visual_arrow,valid,left,left,0.175,-205.167438244,-33.4992545833,392.692732392,left,1
SPC306,306,SPC,DZ,word_arrow,2,181,nomask,visual_arrow,valid,right,right,0.175,247.146823615,42.8564252215,354.406158673,right,1
SPC306,306,SPC,DZ,word_arrow,2,182,nomask,visual_arrow,valid,right,right,0.175,231.256140462,-2.49743849158,317.842933349,right,1
SPC306,306,SPC,DZ,word_arrow,2,183,nomask,visual_word,valid,left,left,0.175,-210.398231037,-2.61841256395,370.552310254,left,1
SPC306,306,SPC,DZ,word_arrow,2,184,nomask,visual_word,valid,left,left,0.175,-172.785543236,21.8684961461,348.921466619,left,1
SPC306,306,SPC,DZ,word_arrow,2,185,nomask,visual_arrow,valid,left,left,0.175,-247.201605204,42.0375789771,320.312084863,left,1
SPC306,306,SPC,DZ,word_arrow,2,186,nomask,visual_arrow,invalid,right,down,0.175,49.0355703664,-273.360296295,357.037914218,right,0
SPC306,306,SPC,DZ,word_arrow,2,187,nomask,visual_word,valid,left,left,0.175,-255.962147135,-1.8003575549,496.1163837,left,1
SPC306,306,SPC,DZ,word_arrow,2,188,nomask,visual_word,valid,left,left,0.175,-203.478980288,18.7039204577,333.520157496,left,1
SPC306,306,SPC,DZ,word_arrow,2,189,nomask,visual_word,valid,left,left,0.175,-250.489547016,-30.9741830223,305.583278649,left,1
SPC306,306,SPC,DZ,word_arrow,2,190,nomask,visual_word,valid,left,left,0.175,-235.72385081,31.8398205659,342.667285586,left,1
SPC306,306,SPC,DZ,word_arrow,2,191,nomask,visual_word,valid,right,right,0.175,216.370071529,35.3862470517,138.332026312,left,0
SPC306,306,SPC,DZ,word_arrow,2,192,nomask,visual_arrow,invalid,right,left,0.175,-189.895492927,17.4832510519,518.399564782,left,1
SPC306,306,SPC,DZ,word_arrow,2,193,nomask,visual_arrow,valid,right,right,0.175,233.007229677,15.1043318422,235.106829088,right,1
SPC306,306,SPC,DZ,word_arrow,2,194,nomask,visual_word,invalid,left,right,0.175,179.74613452,29.070969831,291.176159866,right,1
SPC306,306,SPC,DZ,word_arrow,2,195,nomask,visual_word,invalid,right,down,0.175,23.4359000263,-191.093722112,400.934014004,down,1
SPC306,306,SPC,DZ,word_arrow,2,196,nomask,visual_word,valid,right,right,0.175,192.458782571,-43.6771356859,362.32767324,right,1
SPC306,306,SPC,DZ,word_arrow,2,197,nomask,visual_arrow,invalid,right,up,0.175,24.975086633,265.659982784,181.463758228,right,0
SPC306,306,SPC,DZ,word_arrow,2,198,nomask,visual_arrow,valid,left,left,0.175,-229.031319183,16.6102208129,375.417633681,left,1
SPC306,306,SPC,DZ,word_arrow,2,199,nomask,visual_arrow,invalid,left,down,0.175,-28.873591194,-239.223103861,313.801513985,left,0
SPC306,306,SPC,DZ,word_arrow,2,200,nomask,visual_arrow,neutral,neutral,right,0.175,247.526047523,-40.6290228433,446.863946971,right,1
SPC306,306,SPC,DZ,word_arrow,2,201,nomask,visual_word,valid,right,right,0.175,178.5665906,9.67540953873,310.277035227,right,1
SPC306,306,SPC,DZ,word_arrow,2,202,nomask,visual_arrow,valid,left,left,0.175,-207.052675553,-42.6081682226,251.335243229,left,1
SPC306,306,SPC,DZ,word_arrow,2,203,nomask,visual_arrow,valid,right,right,0.175,259.384791608,39.9626098611,234.747691313,right,1
SPC306,306,SPC,DZ,word_arrow,2,204,nomask,visual_word,valid,right,right,0.175,266.577266443,-44.2912001271,298.783669015,right,1
SPC306,306,SPC,DZ,word_arrow,2,205,nomask,visual_arrow,valid,left,left,0.175,-217.367989043,-40.2819159024,216.209528968,left,1
SPC306,306,SPC,DZ,word_arrow,2,206,nomask,visual_word,valid,right,right,0.175,234.239568404,48.6565723125,280.88119952,right,1
SPC306,306,SPC,DZ,word_arrow,2,207,nomask,visual_arrow,invalid,left,right,0.175,213.413687261,-5.37625519268,214.924379485,left,0
SPC306,306,SPC,DZ,word_arrow,2,208,nomask,visual_arrow,valid,left,left,0.175,-186.834964547,10.3752010249,335.66378057,left,1
SPC306,306,SPC,DZ,word_arrow,2,209,nomask,visual_word,neutral,neutral,right,0.175,266.653945925,-34.3963513581,339.745850768,right,1
SPC306,306,SPC,DZ,word_arrow,2,210,nomask,visual_arrow,invalid,left,right,0.175,173.706168515,-42.7373479078,247.473713011,left,0
SPC306,306,SPC,DZ,word_arrow,2,211,nomask,visual_word,invalid,right,left,0.175,-247.553563344,30.0986877159,982.864459045,right,0
SPC306,306,SPC,DZ,word_arrow,2,212,nomask,visual_arrow,valid,right,right,0.175,240.773909648,44.072382977,336.944448994,right,1
SPC306,306,SPC,DZ,word_arrow,3,213,nomask,visual_arrow,valid,right,right,0.175,239.298051997,-7.45090640215,288.819358684,right,1
SPC306,306,SPC,DZ,word_arrow,3,214,nomask,visual_arrow,valid,left,left,0.175,-193.344016822,24.2533231238,254.568442702,left,1
SPC306,306,SPC,DZ,word_arrow,3,215,nomask,visual_word,valid,left,left,0.175,-202.412560249,-27.0462477462,365.643775091,left,1
SPC306,306,SPC,DZ,word_arrow,3,216,nomask,visual_word,valid,left,left,0.175,-176.376617582,-12.2462503294,280.387625331,left,1
SPC306,306,SPC,DZ,word_arrow,3,217,nomask,visual_word,valid,right,right,0.175,180.768380478,-35.1164718191,302.39009019,right,1
SPC306,306,SPC,DZ,word_arrow,3,218,nomask,visual_word,valid,right,right,0.175,247.51952045,51.8434033661,299.798025051,right,1
SPC306,306,SPC,DZ,word_arrow,3,219,nomask,visual_word,valid,right,right,0.175,187.677060743,43.4974704997,313.175743911,right,1
SPC306,306,SPC,DZ,word_arrow,3,220,nomask,visual_word,valid,left,left,0.175,-218.579048595,33.6521508242,309.920138447,left,1
SPC306,306,SPC,DZ,word_arrow,3,221,nomask,visual_arrow,neutral,neutral,left,0.175,-234.553934073,-8.47373820573,306.967975106,left,1
SPC306,306,SPC,DZ,word_arrow,3,222,nomask,visual_arrow,valid,right,right,0.175,241.591254704,-21.2302072762,272.028871812,right,1
SPC306,306,SPC,DZ,word_arrow,3,223,nomask,visual_word,valid,left,left,0.175,-242.794376741,45.7679141195,350.443160627,left,1
SPC306,306,SPC,DZ,word_arrow,3,224,nomask,visual_word,valid,left,left,0.175,-172.698656327,-27.9814152905,321.794728283,left,1
SPC306,306,SPC,DZ,word_arrow,3,225,nomask,visual_word,invalid,right,down,0.175,44.7960823316,-181.242090873,334.185618442,right,0
SPC306,306,SPC,DZ,word_arrow,3,226,nomask,visual_arrow,valid,right,right,0.175,256.19729986,-52.6281200104,386.243618093,right,1
SPC306,306,SPC,DZ,word_arrow,3,227,nomask,visual_arrow,valid,left,left,0.175,-176.520265504,-50.6031789749,332.304466749,left,1
SPC306,306,SPC,DZ,word_arrow,3,228,nomask,visual_arrow,invalid,left,right,0.175,272.312175883,16.9641385673,384.381991811,right,1
SPC306,306,SPC,DZ,word_arrow,3,229,nomask,visual_word,valid,left,left,0.175,-186.001919645,-47.768397801,394.468895392,left,1
SPC306,306,SPC,DZ,word_arrow,3,230,nomask,visual_word,valid,left,left,0.175,-203.669908518,-0.737830906793,396.160555771,left,1
SPC306,306,SPC,DZ,word_arrow,3,231,nomask,visual_arrow,invalid,left,down,0.175,-45.3923286706,-222.562122823,445.8806396,down,1
SPC306,306,SPC,DZ,word_arrow,3,232,nomask,visual_word,valid,right,right,0.175,190.077571404,-52.7923614643,349.283165066,right,1
SPC306,306,SPC,DZ,word_arrow,3,233,nomask,visual_word,valid,right,right,0.175,178.66129528,-20.4838152832,328.670198331,right,1
SPC306,306,SPC,DZ,word_arrow,3,234,nomask,visual_word,invalid,right,left,0.175,-272.906976754,37.8420111362,404.744010419,left,1
SPC306,306,SPC,DZ,word_arrow,3,235,nomask,visual_arrow,valid,right,right,0.175,258.19440548,34.9720735557,286.146311788,right,1
SPC306,306,SPC,DZ,word_arrow,3,236,nomask,visual_arrow,valid,left,left,0.175,-257.295505991,-43.7554653167,252.216442721,left,1
SPC306,306,SPC,DZ,word_arrow,3,237,nomask,visual_arrow,valid,right,right,0.175,226.924014594,-5.0955641948,243.599058827,right,1
SPC306,306,SPC,DZ,word_arrow,3,238,nomask,visual_arrow,valid,left,left,0.175,-258.893298877,-14.8240405123,267.344397726,left,1
SPC306,306,SPC,DZ,word_arrow,3,239,nomask,visual_word,valid,right,right,0.175,217.761793398,28.8803749803,306.02659937,right,1
SPC306,306,SPC,DZ,word_arrow,3,240,nomask,visual_word,invalid,right,down,0.175,-46.8189479539,-218.584335975,487.077765167,down,1
SPC306,306,SPC,DZ,word_arrow,3,241,nomask,visual_arrow,valid,left,left,0.175,-190.43374613,-11.6498627336,461.126706563,left,1
SPC306,306,SPC,DZ,word_arrow,3,242,nomask,visual_arrow,valid,right,right,0.175,241.628146341,35.0439975621,284.232511185,right,1
SPC306,306,SPC,DZ,word_arrow,3,243,nomask,visual_word,neutral,neutral,right,0.175,199.392368519,49.3856986008,522.296304815,right,1
SPC306,306,SPC,DZ,word_arrow,3,244,nomask,visual_arrow,valid,left,left,0.175,-243.350844751,34.8490585209,359.016692499,left,1
SPC306,306,SPC,DZ,word_arrow,3,245,nomask,visual_word,invalid,left,right,0.175,234.220723083,-53.385842834,410.103868227,right,1
SPC306,306,SPC,DZ,word_arrow,3,246,nomask,visual_word,valid,right,right,0.175,179.465648981,-0.788057307568,387.128338916,right,1
SPC306,306,SPC,DZ,word_arrow,3,247,nomask,visual_arrow,invalid,left,up,0.175,-21.8408373174,252.834812207,1005.17964875,up,1
SPC306,306,SPC,DZ,word_arrow,3,248,nomask,visual_word,valid,right,right,0.175,198.456941258,26.6858107858,430.263591697,right,1
SPC306,306,SPC,DZ,word_arrow,3,249,nomask,visual_word,valid,left,left,0.175,-256.279934241,-6.20135038071,422.451866791,left,1
SPC306,306,SPC,DZ,word_arrow,3,250,nomask,visual_arrow,valid,left,left,0.175,-258.523042626,25.0593620476,262.763311621,left,1
SPC306,306,SPC,DZ,word_arrow,3,251,nomask,visual_word,valid,left,left,0.175,-179.423579102,19.8107494056,549.46273379,left,1
SPC306,306,SPC,DZ,word_arrow,3,252,nomask,visual_arrow,invalid,left,right,0.175,270.982843335,40.4485695091,352.861418156,right,1
SPC306,306,SPC,DZ,word_arrow,3,253,nomask,visual_arrow,valid,right,right,0.175,181.50662796,7.02110860995,300.224381033,right,1
SPC306,306,SPC,DZ,word_arrow,3,254,nomask,visual_word,valid,left,left,0.175,-216.893252552,-4.51721271093,313.642430585,left,1
SPC306,306,SPC,DZ,word_arrow,3,255,nomask,visual_word,invalid,right,up,0.175,-12.4086071131,265.181611481,358.374918113,right,0
SPC306,306,SPC,DZ,word_arrow,3,256,nomask,visual_word,invalid,right,left,0.175,-246.931620664,34.2140420041,577.424899675,left,1
SPC306,306,SPC,DZ,word_arrow,3,257,nomask,visual_arrow,invalid,left,right,0.175,253.255410578,29.7482304142,379.843797535,right,1
SPC306,306,SPC,DZ,word_arrow,3,258,nomask,visual_arrow,valid,left,left,0.175,-267.57485946,8.06775438334,358.24336228,left,1
SPC306,306,SPC,DZ,word_arrow,3,259,nomask,visual_arrow,valid,left,left,0.175,-180.036355218,51.122677911,481.319718994,left,1
SPC306,306,SPC,DZ,word_arrow,3,260,nomask,visual_arrow,valid,right,right,0.175,204.722794055,-2.07613716526,303.340428742,right,1
SPC306,306,SPC,DZ,word_arrow,3,261,nomask,visual_arrow,invalid,left,up,0.175,25.5772741384,190.196418924,540.709953057,up,1
SPC306,306,SPC,DZ,word_arrow,3,262,nomask,visual_arrow,valid,left,left,0.175,-233.649969626,44.4059853123,264.47545737,left,1
SPC306,306,SPC,DZ,word_arrow,3,263,nomask,visual_word,valid,right,right,0.175,248.802985581,-31.8481673146,383.205672028,right,1
SPC306,306,SPC,DZ,word_arrow,3,264,nomask,visual_word,invalid,left,right,0.175,251.696979718,-22.1498711009,305.259350687,right,1
SPC306,306,SPC,DZ,word_arrow,3,265,nomask,visual_arrow,valid,left,left,0.175,-215.627183431,36.1213027396,350.651537301,left,1
SPC306,306,SPC,DZ,word_arrow,3,266,nomask,visual_arrow,invalid,right,up,0.175,44.9230128741,253.831533073,522.039274685,up,1
SPC306,306,SPC,DZ,word_arrow,3,267,nomask,visual_word,valid,right,right,0.175,184.740996477,-36.8877065584,350.417873822,right,1
SPC306,306,SPC,DZ,word_arrow,3,268,nomask,visual_arrow,valid,left,left,0.175,-240.320523034,42.8896749865,249.828913482,left,1
SPC306,306,SPC,DZ,word_arrow,3,269,nomask,visual_arrow,valid,right,right,0.175,227.574738943,-40.1023781485,241.21601088,right,1
SPC306,306,SPC,DZ,word_arrow,3,270,nomask,visual_word,invalid,right,down,0.175,48.4241813117,-173.703517609,448.934590211,down,1
SPC306,306,SPC,DZ,word_arrow,3,271,nomask,visual_arrow,neutral,neutral,right,0.175,253.041035942,-45.0190855862,344.340700889,right,1
SPC306,306,SPC,DZ,word_arrow,3,272,nomask,visual_word,valid,right,right,0.175,174.380222383,9.00581154803,364.07342786,right,1
SPC306,306,SPC,DZ,word_arrow,3,273,nomask,visual_arrow,valid,left,left,0.175,-245.34994379,0.927424116773,302.794040181,left,1
SPC306,306,SPC,DZ,word_arrow,3,274,nomask,visual_word,invalid,left,up,0.175,21.4015022957,190.823857878,388.175663771,up,1
SPC306,306,SPC,DZ,word_arrow,3,275,nomask,visual_arrow,invalid,right,up,0.175,11.0616675744,228.167277916,494.226589799,up,1
SPC306,306,SPC,DZ,word_arrow,3,276,nomask,visual_arrow,valid,right,right,0.175,256.717389089,-42.5469167475,667.973368894,right,1
SPC306,306,SPC,DZ,word_arrow,3,277,nomask,visual_arrow,neutral,neutral,left,0.175,-238.380617891,-13.7681212181,378.726693569,left,1
SPC306,306,SPC,DZ,word_arrow,3,278,nomask,visual_word,invalid,left,right,0.175,207.13936683,16.8090894417,436.807451537,right,1
SPC306,306,SPC,DZ,word_arrow,3,279,nomask,visual_word,invalid,left,up,0.175,-1.31254484764,254.35213462,452.839652309,up,1
SPC306,306,SPC,DZ,word_arrow,3,280,nomask,visual_word,valid,right,right,0.175,195.173498178,16.6182832521,516.217531171,right,1
SPC306,306,SPC,DZ,word_arrow,3,281,nomask,visual_word,valid,right,right,0.175,261.654186287,-44.5399006076,368.965638569,right,1
SPC306,306,SPC,DZ,word_arrow,3,282,nomask,visual_word,neutral,neutral,right,0.175,240.277115023,-25.3989699915,395.68426623,right,1
SPC306,306,SPC,DZ,word_arrow,3,283,nomask,visual_word,valid,right,right,0.175,262.975373523,-14.8569249056,325.072739739,right,1
SPC306,306,SPC,DZ,word_arrow,3,284,nomask,visual_arrow,invalid,left,right,0.175,260.83836984,-5.88968945083,401.502488647,right,1
SPC306,306,SPC,DZ,word_arrow,3,285,nomask,visual_arrow,invalid,right,down,0.175,-40.4039580822,-205.817316385,554.884048412,down,1
SPC306,306,SPC,DZ,word_arrow,3,286,nomask,visual_word,valid,left,left,0.175,-225.687535842,35.02585819,389.963350259,left,1
SPC306,306,SPC,DZ,word_arrow,3,287,nomask,visual_word,valid,right,right,0.175,180.178601381,-26.990855641,319.688235177,right,1
SPC306,306,SPC,DZ,word_arrow,3,288,nomask,visual_word,invalid,right,left,0.175,-252.344967005,-18.9629993969,380.404910073,left,1
SPC306,306,SPC,DZ,word_arrow,3,289,nomask,visual_arrow,valid,right,right,0.175,198.113522848,39.0984269533,422.793719685,right,1
SPC306,306,SPC,DZ,word_arrow,3,290,nomask,visual_word,neutral,neutral,left,0.175,-254.498105621,6.63260773245,359.180897241,left,1
SPC306,306,SPC,DZ,word_arrow,3,291,nomask,visual_arrow,neutral,neutral,left,0.175,-193.636992835,-6.69217615865,394.255717751,left,1
SPC306,306,SPC,DZ,word_arrow,3,292,nomask,visual_word,valid,right,right,0.175,228.675653546,41.3575086147,300.005121389,right,1
SPC306,306,SPC,DZ,word_arrow,3,293,nomask,visual_arrow,valid,left,left,0.175,-249.667544697,-39.2400063105,313.414528966,left,1
SPC306,306,SPC,DZ,word_arrow,3,294,nomask,visual_word,invalid,right,down,0.175,47.6899418319,-219.386715719,382.130179554,down,1
SPC306,306,SPC,DZ,word_arrow,3,295,nomask,visual_word,valid,right,right,0.175,186.385088521,7.97517189066,344.15184916,right,1
SPC306,306,SPC,DZ,word_arrow,3,296,nomask,visual_word,valid,right,right,0.175,229.684127776,-11.0817118902,403.905702289,right,1
SPC306,306,SPC,DZ,word_arrow,3,297,nomask,visual_arrow,valid,right,right,0.175,180.438294465,-43.0208357942,565.257430077,right,1
SPC306,306,SPC,DZ,word_arrow,3,298,nomask,visual_word,invalid,left,up,0.175,-44.9543704076,211.208102159,376.011074986,up,1
SPC306,306,SPC,DZ,word_arrow,3,299,nomask,visual_word,valid,right,right,0.175,203.058123116,-33.592242121,378.416209249,right,1
SPC306,306,SPC,DZ,word_arrow,3,300,nomask,visual_word,invalid,right,up,0.175,-21.0420676565,211.098187354,388.808795949,up,1
SPC306,306,SPC,DZ,word_arrow,3,301,nomask,visual_arrow,valid,left,left,0.175,-261.43327179,-44.327727405,510.871117003,left,1
SPC306,306,SPC,DZ,word_arrow,3,302,nomask,visual_word,valid,left,left,0.175,-233.376628194,-27.4356999131,371.907879133,left,1
